{"dirt: cobblestone: cobblestone: dirt: dirt: dirt: dirt: dirt: dirt": [-0.2, -0.21509903366846472, 0.030643142550361088, -0.1], "dirt: dirt: dirt: cobblestone: dirt: dirt: dirt: dirt: dirt": [-0.1, -0.1, 0, -0.1], "dirt: dirt: lava: dirt: dirt: lava: dirt: dirt: lava": [-0.1, -0.1, -10.100000000000001, 0.49962872766923605], "dirt: dirt: dirt: cobblestone: cobblestone: cobblestone: dirt: dirt: dirt": [-0.02030649543224472, -0.1, -0.1, -0.11000000000000001], "dirt: dirt: dirt: dirt: dirt: dirt: dirt: cobblestone: cobblestone": [-0.12, 0, -0.1, -0.1], "cobblestone: cobblestone: cobblestone: dirt: dirt: dirt: dirt: dirt: dirt": [-0.1, -0.23039438834905462, -0.1601783741548643, -0.19], "cobblestone: dirt: dirt: dirt: dirt: dirt: dirt: dirt: dirt": [-0.19, -0.23466461596224686, -0.10541376953144714, -0.1], "dirt: dirt: dirt: cobblestone: cobblestone: dirt: dirt: dirt: dirt": [-0.1, -0.1, -0.1, -0.1], "dirt: dirt: cobblestone: dirt: dirt: dirt: dirt: dirt: dirt": [-0.1, 0.8595582171725606, 0, -0.1], "dirt: dirt: dirt: dirt: dirt: cobblestone: dirt: dirt: dirt": [-0.1, -0.1, -0.1155818170329104, 0], "dirt: dirt: dirt: dirt: dirt: dirt: dirt: dirt: cobblestone": [-0.12, 0, -0.1, 0.028957300584137636], "lava: lava: lava: dirt: dirt: dirt: dirt: dirt: dirt": [-10.100000000000001, 3.0127749145979683, 0.36625509191524475, 0], "dirt: dirt: dirt: dirt: dirt: dirt: dirt: dirt: dirt": [2.100232087428495, -2.795103687713472, -3.1886389970673648, -3.17856946136156], "cobblestone: cobblestone: dirt: dirt: dirt: dirt: dirt: dirt: dirt": [-0.1, -0.21355831966397076, -0.10945602999350959, 0], "dirt: dirt: dirt: dirt: cobblestone: cobblestone: dirt: dirt: dirt": [-0.19, 0.22010441035711586, -0.19, -0.19], "dirt: dirt: dirt: dirt: dirt: dirt: cobblestone: cobblestone: dirt": [0, 0, 0, -0.039795264639950825], "dirt: dirt: dirt: dirt: dirt: dirt: cobblestone: cobblestone: cobblestone": [0.2991608773704273, 0, -0.1, 0], "dirt: dirt: dirt: dirt: dirt: dirt: cobblestone: dirt: dirt": [-0.3502486309735487, 0, 0, 0], "dirt: lava: lava: dirt: dirt: dirt: dirt: dirt: dirt": [-10.100000000000001, 0, 0, 0]}